time,distance
01:56:59,46.666666666666664
01:57:08,57.666666666666664
01:57:17,57.333333333333336
01:57:26,57.0
