time,distance
02:08:35,56.333333333333336
02:08:44,56.666666666666664
02:08:53,51.333333333333336
02:09:02,57.333333333333336
02:09:11,57.333333333333336
02:09:20,57.333333333333336
02:09:29,52.333333333333336
02:09:38,56.333333333333336
02:09:47,57.333333333333336
02:09:56,57.666666666666664
