time,distance
01:33:56,138.66666666666666
01:34:06,107.66666666666667
01:34:16,110.66666666666667
01:34:25,134.0
